"","source_file","state_population","state_radio_population","population_coverage","state","wra","wra_radio_owners"
"1","arewa_polygon",8319135.0833661,10171.3864395524,0.00122264951075141,"Bauchi",1871805.39375737,817978.957071971
"2","arewa_polygon",6114358.33714075,1621933.41599939,0.265266333205759,"Jigawa",1375730.62585667,601194.283499364
"3","arewa_polygon",10784723.3424156,354915.109965329,0.032909060223128,"Kaduna",2426562.75204351,1060407.92264301
"4","arewa_polygon",17570864.2145045,16477270.0058394,0.937760932227658,"Kano",3953444.44826352,1727655.22389116
"5","arewa_polygon",9417703.46641448,645607.189793504,0.0685525077420282,"Katsina",2118983.27994326,925995.693335204
