"","source_file","state_population","state_radio_population","population_coverage","state","wra","wra_radio_owners"
"1","arewa_polygon",9560381.53717997,16370.5863922611,0.00171233609543683,"Bauchi",2151085.84586549,940024.514643221
"2","arewa_polygon",7927816.5002739,2267513.01359242,0.286019866064518,"Jigawa",1783758.71256163,779502.557389431
"3","arewa_polygon",11259450.6149091,423075.80404105,0.0375751729379086,"Kaduna",2533376.38835454,1107085.48171093
"4","arewa_polygon",17759451.65945,16722100.1864169,0.941588766763468,"Kano",3995876.62337624,1746198.08441542
"5","arewa_polygon",11095227.7143059,842801.516106306,0.0759607227366426,"Katsina",2496426.23571884,1090938.26500913
