"","source_file","state_population","population_coverage","state","wra"
"1","arewa_polygon",13235.1884495582,0.00130309388510126,"Bauchi",1301.34990430281
"2","arewa_polygon",1963741.65014609,0.268025816184239,"Jigawa",193084.897750615
"3","arewa_polygon",446831.240464992,0.0357027266829343,"Kaduna",43934.6817187204
"4","arewa_polygon",18695946.4843202,0.932242638052385,"Kano",1838278.93807079
"5","arewa_polygon",803066.960001132,0.0720417095441221,"Katsina",78961.5588421113
