"","source_file","state_population","state_radio_population","population_coverage","state","wra","wra_radio_owners"
"1","freedom_polygon",9560381.53717997,11100.3118126557,0.00116107414432018,"Bauchi",2151085.84586549,940024.514643221
"2","freedom_polygon",7927816.5002739,2246852.58630801,0.2834137982672,"Jigawa",1783758.71256163,779502.557389431
"3","freedom_polygon",11259450.6149091,513371.592429745,0.0455947283742219,"Kaduna",2533376.38835454,1107085.48171093
"4","freedom_polygon",17759451.65945,17020244.2495899,0.95837667603511,"Kano",3995876.62337624,1746198.08441542
"5","freedom_polygon",11095227.7143059,1099478.16481137,0.0990946912602549,"Katsina",2496426.23571884,1090938.26500913
