"","source_file","state_population","state_radio_population","population_coverage","state","wra","wra_radio_owners"
"1","freedom_polygon",9552513.15343226,11340.54458743,0.00118717916482066,"Bauchi",2149315.45952226,939250.855811227
"2","freedom_polygon",7913223.287149,2251590.39542464,0.284535177856184,"Jigawa",1780475.23960852,778067.679708925
"3","freedom_polygon",11253352.0333556,505681.779212505,0.0449361023909706,"Kaduna",2532004.20750501,1106485.83867969
"4","freedom_polygon",17747926.8751695,16998424.7916547,0.957769598174119,"Kano",3993283.54691314,1745064.91000104
"5","freedom_polygon",11092560.911733,1077241.98141753,0.0971139117458528,"Katsina",2495826.20513992,1090676.05164614
