"","source_file","state_population","population_coverage","state","wra","wra_radio_owners"
"1","freedom_polygon",9578.51700071663,0.000943069830818237,"Bauchi",2155.16632516124,941.807684095463
"2","freedom_polygon",1897536.3887224,0.258989638116999,"Jigawa",426945.68746254,186575.26542113
"3","freedom_polygon",549687.891655874,0.0439211827183011,"Kaduna",123679.775622572,54048.0619470638
"4","freedom_polygon",19050459.050422,0.949919824394495,"Kano",4286353.28634495,1873136.38613274
"5","freedom_polygon",1107884.37099396,0.0993863376766325,"Katsina",249273.983473641,108932.730777981
