"","source_file","state_population","state_radio_population","population_coverage","state","wra","wra_radio_owners"
"1","freedom_polygon",7308494.85344677,8097.86753539921,0.00110800755802409,"Bauchi",1644411.34202552,718607.756465154
"2","freedom_polygon",6170372.93636154,1722693.15957905,0.279187850936424,"Jigawa",1388333.91068135,606701.918967749
"3","freedom_polygon",9260412.05770045,390663.967718846,0.0421864562056924,"Kaduna",2083592.7129826,910530.015573397
"4","freedom_polygon",14727302.6321381,14167037.0926412,0.961957355430833,"Kano",3313643.09223108,1448062.03130498
"5","freedom_polygon",8718079.17303726,832935.231307128,0.0955411409755464,"Katsina",1961567.81393338,857205.134688888
